claimer name;claim;Hoax Class;Article Title;Date;Object;Subject;Tema Artikel
Claim by Beberapa sumber:;Foto Jokowi memegang lukisan berwajah Anies Baswedan;Salah;Ini gambar editan -- foto asli tunjukkan Jokowi memegang lukisan dirinya;5 days ago;Joko Widodo;Anies Baswedan;Seni lukis
Claim by jokowpnctbv:;Pengikut akun TikTok Jokowi akan mendapat bantuan tunai;Benar;Akun TikTok palsu Jokowi menipu netizen soal pemberian bansos;Aug 29, 2023;Joko Widodo;TikTok;Periksa Fakta
Claim by Berbagai sumber:;Masyarakat Australia turun ke jalan untuk dukung Presiden Jokowi;Benar;Ini video demo anti-vaksin dan anti-monarki, bukan 'demo warga Australia dukung Jokowi;Jul 22, 2023;Joko Widodo;Australia;Periksa Fakta
Claim by Berbagai sumber:;Presiden Jokowi tunjuk Agus Harimurti Yudhoyono sebagai menpora;Keliru;View article;Mar 23, 2023;Agus Harimurti Yudhoyono;Joko Widodo;Presiden Indonesia
Claim by Berbagai sumber:;Sekjen PBB Guterres tunjuk Presiden Jokowi sebagai penggantinya;Keliru;View article;Feb 7, 2023;António Guterres;Sekretaris Jenderal Perserikatan Bangsa-Bangsa;Perserikatan Bangsa-Bangsa
Claim by Berbagai sumber:;Presiden Jokowi nyatakan perang dengan Malaysia;Keliru;View article;Aug 1, 2022;Joko Widodo;Perang;Malaysia
Claim by Beberapa sumber:;"Presiden Jokowi dipilih PBB untuk memimpin ""satgas penanganan krisis global""";Keliru;View article;Aug 1, 2022;Joko Widodo;Perserikatan Bangsa-Bangsa;Krisis
Claim by Berbagai sumber:;Uang baru pecahan Rp 100 bergambar Presiden Joko Widodo;Keliru;View article;Jul 14, 2022;Joko Widodo;Uang;Presiden Indonesia
Claim by Beberapa sumber:;Video pengawalan Presiden Jokowi di Prancis;Keliru;View article;Nov 11, 2021;Joko Widodo;Presiden Indonesia;Video
Claim by Berbagai sumber:;Foto Presiden Jokowi menyelamati Anies Baswedan atas penerimaan gelar 'pahlawan internasional';Keliru;View article;Oct 19, 2021;Anies Baswedan;Pahlawan;Joko Widodo
Claim by Akun Facebook:;"Gambar tangkapan layar artikel yang berjudul ""Arief Poyuono: Prabowo Mau Jokowi Tiga Periode, Sebab Prabowo Sudah Melihat Dan Merasakan Kerjanya Yang OK""";Keliru;Keliru, Screenshot Artikel yang Kutip Arief Poyuono bahwa Prabowo Mau Jokowi Tiga Periode Karena Kerjanya Oke;Mar 16, 2021;Prabowo Subianto;Arief Poyuono;Joko Widodo
Claim by Akun Facebook:;Video yang berisi klaim bahwa Presiden Jokowi mencopot Menkopolhukam Mahfud MD;Keliru;Keliru, Video yang Sebut Presiden Jokowi Copot Menkopolhukam Mahfud MD;Nov 25, 2020;Mahfud MD;Joko Widodo;Menteri Koordinator Bidang Politik, Hukum, dan Keamanan Indonesia
Claim by Beredar di media sosial:;Joko Widodo batal menggaji pengangguran lewat Kartu Prakerja;Keliru;[Fakta atau Hoaks] Benarkah Jokowi Batal Memberikan Tunjangan untuk Pengangguran?;Jul 19, 2019;Joko Widodo;Pengangguran;Kartu Prakerja
Claim by Beredar di Facebook:;Ada 10 warga yang dilarikan ke rumah sakit karena seluruh tubuhnya gatal-gatal setelah meminum air bekas cucian kaki Presiden Jokowi;Keliru;[Fakta atau Hoaks] Benarkah Setelah Minum Air Cucian Kaki Jokowi;Nov 19, 2019;Joko Widodo;Presiden Indonesia;Air
Claim by Akun-akun Facebook:;"Presiden Turki Erdogan mengatakan, ""Jika Jokowi tidak terjun ke politik, maka penjahatlah yang akan mengisinya.""";Keliru;[Fakta atau Hoaks] Benarkah Erdogan Sebut Jika Jokowi Tak Terjun ke Politik Maka Penjahatlah yang Akan Mengisinya?;Jul 10, 2020;Recep Tayyip Erdoğan;Joko Widodo;Politik
Claim by Akun-akun Facebook:;Video dan foto yang diklaim sebagai video dan foto konser amal yang dihadiri Presiden Jokowi di tengah pandemi Covid-19;Keliru;[Fakta atau Hoaks] Benarkah Ini Video dan Foto Konser yang Dihadiri Presiden Jokowi Saat Pandemi Covid-19?;May 20, 2020;Joko Widodo;Konser;COVID-19
Claim by Situs Reportase Indonesia:;Presiden Jokowi akan menjual separuh dari Kaltim untuk pemindahan ibu kota;Keliru;[Fakta atau Hoaks] Benarkah Presiden Jokowi Akan Jual Separuh Kaltim untuk Pemindahan Ibu Kota?;Mar 13, 2020;Joko Widodo;Ibu kota Indonesia;Kalimantan Timur
Claim by Beredar di WhatsApp dan media sosial.:;Joko Widodo-Ma'ruf Amin tidak bisa memenangi Pilpres 2019 berdasarkan UUD 1945 Pasal 6 ayat (3) karena tidak memenangkan suara di setengah jumlah provinsi atau 17 provinsi, dan di 17 provinsi yang kalah harus mendapatkan minimal 20 persen suara.;Keliru;[Fakta atau Hoaks] Benarkah Syarat Menjadi Presiden Harus Memenangkan Suara di 17 Provinsi?;Apr 26, 2019;Pemilihan presiden;Pemilihan umum Presiden Indonesia 2019;Joko Widodo
Claim by Akun-akun Facebook:;Anggota DPR dari Fraksi PDI Perjuangan, Ribka Tjiptaning, menyebut bahwa ibu Presiden Jokowi adalah Ketua Umum Gerwani PKI;Keliru;[Fakta atau Hoaks] Benarkah Ribka Tjiptaning Sebut Ibu Jokowi Ketua Gerwani PKI?;Jun 15, 2020;Ribka Tjiptaning;Gerakan Wanita Indonesia;Joko Widodo
Claim by Akun Facebook:;Video yang berisi klaim bahwa Presiden Jokowi mencopot Menkopolhukam Mahfud MD;Keliru;Keliru, Video yang Sebut Presiden Jokowi Copot Menkopolhukam Mahfud MD;Nov 25, 2020;Mahfud MD;Joko Widodo;Menteri Koordinator Bidang Politik, Hukum, dan Keamanan Indonesia
Claim by Beberapa sumber:;"Presiden Indonesia Joko ""Jokowi"" Widodo meneteskan air mata saat meninjau kebakaran hutan di Riau";Keliru;Foto Presiden Indonesia Joko Widodo telah disunting dengan menambahkan tetesan air mata di wajahnya;Oct 2, 2019;Joko Widodo;Presiden Indonesia;Air
Claim by Akun-akun Facebook:;Video dan foto yang diklaim sebagai video dan foto konser amal yang dihadiri Presiden Jokowi di tengah pandemi Covid-19;Keliru;[Fakta atau Hoaks] Benarkah Ini Video dan Foto Konser yang Dihadiri Presiden Jokowi Saat Pandemi Covid-19?;May 20, 2020;Joko Widodo;Konser;COVID-19
Claim by Beredar di Facebook:;Ada 10 warga yang dilarikan ke rumah sakit karena seluruh tubuhnya gatal-gatal setelah meminum air bekas cucian kaki Presiden Jokowi;Keliru;[Fakta atau Hoaks] Benarkah Setelah Minum Air Cucian Kaki Jokowi Ada 10 Warga yang Dilarikan ke RS?;Nov 19, 2019;Joko Widodo;Presiden Indonesia;Air
Claim by Akun Facebook:;Foto yang diklaim sebagai foto saat KPU dan Bawaslu berkunjung ke kantor PDIP untuk memenangkan Jokowi dalam Pilpres 2019;Keliru;[Fakta atau Hoaks] Benarkah Komisioner KPU dan Bawaslu Kumpul di PDIP untuk Menangkan Jokowi dalam Pilpres 2019?;Jul 16, 2020;Komisi Pemilihan Umum Republik Indonesia;Badan Pengawas Pemilihan Umum Republik Indonesia;KPU
Claim by Beredar di YouTube dan Facebook:;"Pidato Sultan Brunei Darussalam soal ""pemimpin mabuk kuasa"" yang diklaim ditujukan kepada Presiden Jokowi";Keliru;[Fakta atau Hoaks] Benarkah Sultan Brunei Sindir Presiden Jokowi Pemimpin Mabuk Kuasa?;Dec 30, 2019;Brunei Darussalam;Sultan;Joko Widodo
Claim by Akun-akun Facebook:;Anggota DPR dari Fraksi PDI Perjuangan, Ribka Tjiptaning, menyebut bahwa ibu Presiden Jokowi adalah Ketua Umum Gerwani PKI;Keliru;[Fakta atau Hoaks] Benarkah Ribka Tjiptaning Sebut Ibu Jokowi Ketua Gerwani PKI?;Jun 15, 2020;Ribka Tjiptaning;Gerakan Wanita Indonesia;Joko Widodo
Claim by Anonim:;Benarkah Tempo Merilis Jumlah Bencana Tertinggi di Masa Jokowi?;Keliru;[Fakta atau Hoax] Benarkah Tempo Merilis Jumlah Bencana Tertinggi di Masa Jokowi?;Dec 26, 2018;Bencana;Joko Widodo;Tempo
Claim by Beredar di media sosial:;Polisi membebaskan remaja Tionghoa yang ancam bunuh Jokowi, namun penjarakan pemuda Muslim yang mengancam penggal Jokowi.;Keliru;[Fakta atau Hoaks] Benarkah Polisi Bebaskan Remaja Tionghoa yang Ancam Tembak Jokowi Karena Etnisnya?;May 14, 2019;Joko Widodo;Polisi;Orang Tionghoa Indonesia
Claim by Akun-akun Facebook:;"Presiden Turki Erdogan mengatakan, ""Jika Jokowi tidak terjun ke politik, maka penjahatlah yang akan mengisinya.""";Keliru;[Fakta atau Hoaks] Benarkah Erdogan Sebut Jika Jokowi Tak Terjun ke Politik Maka Penjahatlah yang Akan Mengisinya?;Jul 10, 2020;Recep Tayyip Erdoğan;Joko Widodo;Politik
Claim by Akun-akun Facebook dan kanal-kanal YouTube:;Video yang diklaim sebagai video demo mahasiswa yang tuntut Presiden Jokowi mundur dari jabatannya saat pandemi Covid-19;Keliru;[Fakta atau Hoaks] Benarkah Ini Video Demo Mahasiswa yang Tuntut Jokowi Mundur Saat Pandemi Covid-19?;Jun 5, 2020;Joko Widodo;Mahasiswa;COVID-19
Claim by Beberapa sumber:;Penampakan jin saat pelantikan presiden-wapres Jokowi-Ma’ruf;Keliru;Ini adalah film CGI tentang goblin di tempat parkir, bukan video penampakan jin di gedung DPR/MPR;Oct 25, 2019;Jin;Ma'ruf Amin;Periksa Fakta
Claim by Beredar di Facebook:;Politikus PDIP Rieke Diah Pitaloka menyarankan agar Jokowi mundur sebagai presiden;Keliru;[Fakta atau Hoaks] Benarkah Rieke Diah Pitaloka Sarankan Jokowi Mundur sebagai Presiden?;Jan 20, 2020;Rieke Diah Pitaloka;Joko Widodo;Presiden Indonesia
Claim by Beredar di WhatsApp:;Pesan berantai soal pemberlakuan karantina di 10 daerah yang diklaim berasal dari Presiden Jokowi;Keliru;[Fakta atau Hoaks] Benarkah Pesan Pemberlakuan Karantina di 10 Daerah Ini Berasal dari Presiden Jokowi?;Mar 18, 2020;Joko Widodo;Karantina;Cek Fakta - TEMPO.co
Claim by Akun Facebook Alfi Laili Cholidah:;Refly Harun menyebut bahwa kemenangan Presiden Jokowi dalam Pilpres 2019 adalah hasil kejahatan antek Cina;Keliru;[Fakta atau Hoaks] Benarkah Refly Harun Sebut Kemenangan Jokowi Hasil Kejahatan Antek Cina?;May 12, 2020;Refly Harun;Joko Widodo;Antek
Claim by Akun Facebook Syamsul Bachri:;Presiden Jokowi ditolak rakyatnya sendiri di Malaysia;Keliru;[Fakta atau Hoaks] Benarkah WNI di Malaysia Menolak Kedatangan Presiden Jokowi?;Jul 8, 2019;Joko Widodo;Presiden Indonesia;Malaysia
Claim by Beredar di grup Facebook:;Jokowi, JK, dan elite PDIP merayakan penderitaan rakyat dengan berjoget Maumere;Keliru;[Fakta atau Hoaks] Benarkah Jokowi, JK, dan Elite PDIP Merayakan Penderitaan Rakyat dengan Berjoget Maumere?;Oct 10, 2019;Jusuf Kalla;Joko Widodo;Partai Demokrasi Indonesia Perjuangan
Claim by Beberapa sumber:;Judul berita menyatakan Jokowi ‘kesal seperti anak kecil’;Keliru;Gambar berita Jokowi ‘kesal seperti anak kecil’ karena terbatasnya investasi Arab Saudi ini adalah hasil suntingan;Jul 17, 2019;Joko Widodo;Periksa Fakta;
Claim by Beredar di media sosial:;Joko Widodo batal menggaji pengangguran lewat Kartu Prakerja;Keliru;[Fakta atau Hoaks] Benarkah Jokowi Batal Memberikan Tunjangan untuk Pengangguran?;Jul 19, 2019;Joko Widodo;Pengangguran;Kartu Prakerja
Claim by Sejumlah akun di media sosial:;Ketua Partai Solidaritas Indonesia (PSI) Grace Natalie akan mengajak makan babi apabila Jokowi dan PSI memenangkan Pemilu 2019;Keliru;[Fakta atau Hoaks] Benarkah Grace Natalie Ajak Warga Makan Babi Kalau Menang Pemilu 2019?;Apr 17, 2019;Grace Natalie;Partai Solidaritas Indonesia;Basecamp AKSI (Aliansi Keluarga Solidaritas Indonesia)
Claim by Beberapa sumber:;"Presiden Indonesia Joko ""Jokowi"" Widodo meneteskan air mata saat meninjau kebakaran hutan di Riau";Keliru;Foto Presiden Indonesia Joko Widodo telah disunting dengan menambahkan tetesan air mata di wajahnya;Oct 2, 2019;Joko Widodo;Presiden Indonesia;Air
Claim by Beredar di Facebook:;Ada 10 warga yang dilarikan ke rumah sakit karena seluruh tubuhnya gatal-gatal setelah meminum air bekas cucian kaki Presiden Jokowi;Keliru;[Fakta atau Hoaks] Benarkah Setelah Minum Air Cucian Kaki Jokowi Ada 10 Warga yang Dilarikan ke RS?;Nov 19, 2019;Joko Widodo;Presiden Indonesia;Air
Claim by Akun Facebook:;Foto yang diklaim sebagai foto saat KPU dan Bawaslu berkunjung ke kantor PDIP untuk memenangkan Jokowi dalam Pilpres 2019;Keliru;[Fakta atau Hoaks] Benarkah Komisioner KPU dan Bawaslu Kumpul di PDIP untuk Menangkan Jokowi dalam Pilpres 2019?;Jul 16, 2020;Komisi Pemilihan Umum Republik Indonesia;Badan Pengawas Pemilihan Umum Republik Indonesia;KPU
Claim by Beredar di YouTube dan Facebook:;"Pidato Sultan Brunei Darussalam soal ""pemimpin mabuk kuasa"" yang diklaim ditujukan kepada Presiden Jokowi";Keliru;[Fakta atau Hoaks] Benarkah Sultan Brunei Sindir Presiden Jokowi Pemimpin Mabuk Kuasa?;Dec 30, 2019;Brunei Darussalam;Sultan;Joko Widodo
Claim by Anonim:;Benarkah Tempo Merilis Jumlah Bencana Tertinggi di Masa Jokowi?;Keliru;[Fakta atau Hoax] Benarkah Tempo Merilis Jumlah Bencana Tertinggi di Masa Jokowi?;Dec 26, 2018;Bencana;Joko Widodo;Tempo
Claim by Beredar di media sosial:;Polisi membebaskan remaja Tionghoa yang ancam bunuh Jokowi, namun penjarakan pemuda Muslim yang mengancam penggal Jokowi.;Keliru;[Fakta atau Hoaks] Benarkah Polisi Bebaskan Remaja Tionghoa yang Ancam Tembak Jokowi Karena Etnisnya?;May 14, 2019;Joko Widodo;Polisi;Orang Tionghoa Indonesia
Claim by Akun-akun Facebook dan kanal-kanal YouTube:;Video yang diklaim sebagai video demo mahasiswa yang tuntut Presiden Jokowi mundur dari jabatannya saat pandemi Covid-19;Keliru;[Fakta atau Hoaks] Benarkah Ini Video Demo Mahasiswa yang Tuntut Jokowi Mundur Saat Pandemi Covid-19?;Jun 5, 2020;Joko Widodo;Mahasiswa;COVID-19
Claim by Beberapa sumber:;Penampakan jin saat pelantikan presiden-wapres Jokowi-Ma’ruf;Keliru;Ini adalah film CGI tentang goblin di tempat parkir, bukan video penampakan jin di gedung DPR/MPR;Oct 25, 2019;Jin;Ma'ruf Amin;Periksa Fakta
Claim by Beredar di Facebook:;Politikus PDIP Rieke Diah Pitaloka menyarankan agar Jokowi mundur sebagai presiden;Keliru;[Fakta atau Hoaks] Benarkah Rieke Diah Pitaloka Sarankan Jokowi Mundur sebagai Presiden?;Jan 20, 2020;Rieke Diah Pitaloka;Joko Widodo;Presiden Indonesia
Claim by Beredar di WhatsApp:;Pesan berantai soal pemberlakuan karantina di 10 daerah yang diklaim berasal dari Presiden Jokowi;Keliru;[Fakta atau Hoaks] Benarkah Pesan Pemberlakuan Karantina di 10 Daerah Ini Berasal dari Presiden Jokowi?;Mar 18, 2020;Joko Widodo;Karantina;Cek Fakta - TEMPO.co
Claim by Akun Facebook Alfi Laili Cholidah:;Refly Harun menyebut bahwa kemenangan Presiden Jokowi dalam Pilpres 2019 adalah hasil kejahatan antek Cina;Keliru;[Fakta atau Hoaks] Benarkah Refly Harun Sebut Kemenangan Jokowi Hasil Kejahatan Antek Cina?;May 12, 2020;Refly Harun;Joko Widodo;Antek
Claim by Akun Facebook Syamsul Bachri:;Presiden Jokowi ditolak rakyatnya sendiri di Malaysia;Keliru;[Fakta atau Hoaks] Benarkah WNI di Malaysia Menolak Kedatangan Presiden Jokowi?;Jul 8, 2019;Joko Widodo;Presiden Indonesia;Malaysia
Claim by Beredar di grup Facebook:;Jokowi, JK, dan elite PDIP merayakan penderitaan rakyat dengan berjoget Maumere;Keliru;[Fakta atau Hoaks] Benarkah Jokowi, JK, dan Elite PDIP Merayakan Penderitaan Rakyat dengan Berjoget Maumere?;Oct 10, 2019;Jusuf Kalla;Joko Widodo;Partai Demokrasi Indonesia Perjuangan
Claim by Beberapa sumber:;Judul berita menyatakan Jokowi ‘kesal seperti anak kecil’;Keliru;Gambar berita Jokowi ‘kesal seperti anak kecil’ karena terbatasnya investasi Arab Saudi ini adalah hasil suntingan;Jul 17, 2019;Joko Widodo;Periksa Fakta;
Claim by Sejumlah akun di media sosial:;Ketua Partai Solidaritas Indonesia (PSI) Grace Natalie akan mengajak makan babi apabila Jokowi dan PSI memenangkan Pemilu 2019;Keliru;[Fakta atau Hoaks] Benarkah Grace Natalie Ajak Warga Makan Babi Kalau Menang Pemilu 2019?;Apr 17, 2019;Grace Natalie;Partai Solidaritas Indonesia;Basecamp AKSI (Aliansi Keluarga Solidaritas Indonesia)
Claim by Ma'ruf Amin dalam Debat Capres-Cawapres Kelima:;“Angka ketimpangan menurun di era Presiden Joko Widodo dan Wakil Presiden Jusuf Kalla”;Keliru;[Fakta atau Hoaks] Benarkah angka ketimpangan menurun di era Presiden Joko Widodo dan Wakil Presiden Jusuf Kalla seperti disampaikan Maruf Amin?;Apr 14, 2019;Jusuf Kalla;Joko Widodo;Wakil presiden
Claim by Petroxi Blogspot:;Menteri Koordinator Politik Hukum dan Keamanan memerintahkan tembak mati pendukung Prabowo yang tidak mengakui kemenangan Joko Widodo;Keliru;[Fakta atau Hoaks] Benarkah Menkopolhukam Wiranto Memerintahkan Penangkapan dan Tembak Mati Bagi Pendukung Prabowo yang Tidak Mengakui Kemenangan Jokowi?;Jul 15, 2019;Prabowo Subianto;Joko Widodo;Cek Fakta Tempo - TEMPO.co
Claim by Beredar di WhatsApp dan media sosial.:;Joko Widodo-Ma'ruf Amin tidak bisa memenangi Pilpres 2019 berdasarkan UUD 1945 Pasal 6 ayat (3) karena tidak memenangkan suara di setengah jumlah provinsi atau 17 provinsi, dan di 17 provinsi yang kalah harus mendapatkan minimal 20 persen suara.;Keliru;[Fakta atau Hoaks] Benarkah Syarat Menjadi Presiden Harus Memenangkan Suara di 17 Provinsi?;Apr 26, 2019;Pemilihan presiden;Pemilihan umum Presiden Indonesia 2019;Joko Widodo
Claim by Beredar di WhatsApp dan media sosial:;Ada tulisan kalimat “Terimakasih Pak Jokowi, doakan kami menjadi haji yang mabrur” di badan pesawat Garuda Indonesia;Keliru;[Fakta atau Hoaks] Benarkah Ada Tulisan Terima kasih Pak Jokowi di Badan Pesawat Garuda Indonesia?;Jul 7, 2019;Garuda Indonesia;Garuda;Joko Widodo
Claim by Situs Reportase Indonesia:;Presiden Jokowi akan menjual separuh dari Kaltim untuk pemindahan ibu kota;Keliru;[Fakta atau Hoaks] Benarkah Presiden Jokowi Akan Jual Separuh Kaltim untuk Pemindahan Ibu Kota?;Mar 13, 2020;Joko Widodo;Ibu kota Indonesia;Kalimantan Timur
Claim by Beberapa sumber:;Pidato singkat Jokowi di G20 jadi ‘bahan tertawaan’ di acara TV Jepang;Keliru;Acara TV Jepang itu membicarakan pertemuan singkat Perdana Menteri Shinzo Abe dengan Presiden Jokowi;Jul 16, 2019;Joko Widodo;Jepang;G20
Claim by Foto dan narasi di Facebook.:;Prabowo Subianto membebaskan 200 relawan dari peristiwa 21-22 Mei 2019 setelah berjabat tangan dengan Joko Widodo;Keliru;[Fakta atau Hoaks] Benarkah Foto yang Diklaim Prabowo Berhasil Bebaskan 200 Relawan dari Penjara?;Jul 22, 2019;Prabowo Subianto;Cek Fakta Tempo - TEMPO.co;
Claim by Kanal YouTube 651 SAFA:;Bos Samsung menyebut ekonomi Indonesia macet total di bawah pemerintahan Presiden Jokowi;Keliru;[Fakta atau Hoaks] Benarkah Bos Samsung Sebut Ekonomi Indonesia Macet Total di Era Presiden Jokowi?;Nov 22, 2019;Ekonomi Indonesia;Ekonomi;Joko Widodo
Claim by AKun-akun Facebook:;Putusan MA Nomor 44 Tahun 2019 membatalkan kemenangan Jokowi-Ma'ruf Amin dalam Pilpres 2019;Keliru;[Fakta atau Hoaks] Benarkah Putusan MA Batalkan Kemenangan Jokowi-Ma'ruf Amin di Pilpres 2019?;Jul 9, 2020;Ma'ruf Amin;Joko Widodo;Pemilihan presiden
Claim by Berbagai sumber:;Sultan Brunei Hassanal Bolkiah menyindir Presiden Jokowi;Keliru;Video ini menunjukkan sultan Brunei memberi nasihat kepada menteri kabinet baru di tahun 2018;Jan 19, 2020;Hassanal Bolkiah;Periksa Fakta;
Claim by Akun-akun Facebook:;Lambang Presiden RI diganti dari Garuda Pancasila menjadi bintang seperti logo Partai Komunis Cina di era pemerintahan Jokowi;Keliru;[Fakta atau Hoaks] Benarkah Lambang Presiden Diganti Bintang Seperti Logo Partai Komunis Cina di Era Jokowi?;May 14, 2020;Simbol;Logo;Joko Widodo
;"Surat kabar asing memberitakan Presiden Jokowi sebagai ""tukang ngibul""";Keliru;"Bukan, ini bukan foto surat kabar asing yang memberitakan Presiden Jokowi sebagai ""tukang ngibul""";Apr 3, 2019;Joko Widodo;Presiden Indonesia;Koran
;Acara kampanye Presiden Indonesia Joko Widodo dilakukan di atas sajadah;Keliru;Tidak, foto ini tidak menunjukkan acara kampanye Presiden Indonesia Joko Widodo dilakukan di atas 'sajadah';Apr 9, 2019;Joko Widodo;Presiden Indonesia;Kampanye politik
Claim by Situs Wartarakyat.co:;Presiden Jokowi mengakui gagal memimpin negara;Keliru;[Fakta atau Hoaks] Benarkah Presiden Jokowi Akui Gagal Pimpin Negara?;Jul 3, 2020;Joko Widodo;Cek Fakta Tempo - TEMPO.co;
;Karyawan Krakatau Steel dipecat semua dan diganti dengan orang-orang Cina oleh Joko Widodo;Keliru;[Fakta atau Hoaks] Benarkah Foto yang Diklaim Prabowo Berhasil Bebaskan 200 Relawan dari Penjara?;Jul 22, 2019;Cek Fakta Tempo - TEMPO.co;;
Claim by Ma'ruf Amin dalam Debat Capres-Cawapres Kelima:;“Angka ketimpangan menurun di era Presiden Joko Widodo dan Wakil Presiden Jusuf Kalla”;Keliru;[Fakta atau Hoaks] Benarkah angka ketimpangan menurun di era Presiden Joko Widodo dan Wakil Presiden Jusuf Kalla seperti disampaikan Maruf Amin?;Apr 14, 2019;Jusuf Kalla;Joko Widodo;Wakil presiden
Claim by Petroxi Blogspot:;Menteri Koordinator Politik Hukum dan Keamanan memerintahkan tembak mati pendukung Prabowo yang tidak mengakui kemenangan Joko Widodo;Keliru;[Fakta atau Hoaks] Benarkah Menkopolhukam Wiranto Memerintahkan Penangkapan dan Tembak Mati Bagi Pendukung Prabowo yang Tidak Mengakui Kemenangan Jokowi?;Jul 15, 2019;Prabowo Subianto;Joko Widodo;Cek Fakta Tempo - TEMPO.co
Claim by Beredar di WhatsApp dan media sosial:;Ada tulisan kalimat “Terimakasih Pak Jokowi, doakan kami menjadi haji yang mabrur” di badan pesawat Garuda Indonesia;Keliru;[Fakta atau Hoaks] Benarkah Ada Tulisan Terima kasih Pak Jokowi di Badan Pesawat Garuda Indonesia?;Jul 7, 2019;Garuda Indonesia;Garuda;Joko Widodo
Claim by Beberapa sumber:;Pidato singkat Jokowi di G20 jadi ‘bahan tertawaan’ di acara TV Jepang;Keliru;Acara TV Jepang itu membicarakan pertemuan singkat Perdana Menteri Shinzo Abe dengan Presiden Jokowi;Jul 16, 2019;Joko Widodo;Jepang;G20
Claim by Foto dan narasi di Facebook.:;Prabowo Subianto membebaskan 200 relawan dari peristiwa 21-22 Mei 2019 setelah berjabat tangan dengan Joko Widodo;Keliru;[Fakta atau Hoaks] Benarkah Foto yang Diklaim Prabowo Berhasil Bebaskan 200 Relawan dari Penjara?;Jul 22, 2019;Prabowo Subianto;Cek Fakta Tempo - TEMPO.co;
Claim by Kanal YouTube 651 SAFA:;Bos Samsung menyebut ekonomi Indonesia macet total di bawah pemerintahan Presiden Jokowi;Keliru;[Fakta atau Hoaks] Benarkah Bos Samsung Sebut Ekonomi Indonesia Macet Total di Era Presiden Jokowi?;Nov 22, 2019;Ekonomi Indonesia;Ekonomi;Joko Widodo
Claim by AKun-akun Facebook:;Putusan MA Nomor 44 Tahun 2019 membatalkan kemenangan Jokowi-Ma'ruf Amin dalam Pilpres 2019;Keliru;[Fakta atau Hoaks] Benarkah Putusan MA Batalkan Kemenangan Jokowi-Ma'ruf Amin di Pilpres 2019?;Jul 9, 2020;Ma'ruf Amin;Joko Widodo;Pemilihan presiden
Claim by Berbagai sumber:;Sultan Brunei Hassanal Bolkiah menyindir Presiden Jokowi;Keliru;Video ini menunjukkan sultan Brunei memberi nasihat kepada menteri kabinet baru di tahun 2018;Jan 19, 2020;Hassanal Bolkiah;Periksa Fakta;
Claim by Akun-akun Facebook:;Lambang Presiden RI diganti dari Garuda Pancasila menjadi bintang seperti logo Partai Komunis Cina di era pemerintahan Jokowi;Keliru;[Fakta atau Hoaks] Benarkah Lambang Presiden Diganti Bintang Seperti Logo Partai Komunis Cina di Era Jokowi?;May 14, 2020;Simbol;Logo;Joko Widodo
;"Surat kabar asing memberitakan Presiden Jokowi sebagai ""tukang ngibul""";Keliru;"Bukan, ini bukan foto surat kabar asing yang memberitakan Presiden Jokowi sebagai ""tukang ngibul""";Apr 3, 2019;Joko Widodo;Presiden Indonesia;Koran
;Acara kampanye Presiden Indonesia Joko Widodo dilakukan di atas sajadah;Keliru;Tidak, foto ini tidak menunjukkan acara kampanye Presiden Indonesia Joko Widodo dilakukan di atas 'sajadah';Apr 9, 2019;Joko Widodo;Presiden Indonesia;Kampanye politik
Claim by Situs Wartarakyat.co:;Presiden Jokowi mengakui gagal memimpin negara;Keliru;[Fakta atau Hoaks] Benarkah Presiden Jokowi Akui Gagal Pimpin Negara?;Jul 3, 2020;Joko Widodo;Cek Fakta Tempo - TEMPO.co;
;Karyawan Krakatau Steel dipecat semua dan diganti dengan orang-orang Cina oleh Joko Widodo;Keliru;[Fakta atau Hoaks] Benarkah Foto yang Diklaim Prabowo Berhasil Bebaskan 200 Relawan dari Penjara?;Jul 22, 2019;Cek Fakta Tempo - TEMPO.co;;
Claim by Beredar di Facebook:;Presiden Jokowi mengakui adanya kecurangan dalam Pemilu 2019;Keliru;[Fakta atau Hoaks] Benarkah Presiden Jokowi Akui Adanya Kecurangan dalam Pemilu 2019?;Jan 20, 2020;Joko Widodo;Pemilihan umum Indonesia 2019;Pemilihan
Claim by Situs-situs dan akun media sosial:;Putra Presiden Jokowi, Gibran Rakabuming Raka, akan membebaskan Palestina dari Israel;Keliru;[Fakta atau Hoaks] Benarkah Gibran Akan Bebaskan Palestina dari Israel?;Sep 11, 2020;Gibran Rakabuming Raka;Israel;Joko Widodo
Claim by Blog Operainf:;Wakil Presiden Ma'ruf Amin kaget duit PT Asuransi Jiwasraya masuk ke dana kampanyenya dengan Presiden Jokowi;Keliru;[Fakta atau Hoaks] Benarkah Ma'ruf Amin Kaget Duit Jiwasraya Masuk ke Dana Kampanyenya dengan Jokowi?;Jan 14, 2020;Ma'ruf Amin;Jiwasraya;Joko Widodo
Claim by Gambar tangkapan layar beredar di Facebook:;"Tangkapan layar situs Tempo dengan berita berjudul ""Jokowi: Korban Meninggal itu Sudah Takdir Jangan di Perpanjang Lagi""";Keliru;[Fakta atau Hoaks] Benarkah Tempo Memuat Pernyataan Jokowi Bahwa Korban Meninggal Adalah Takdir?;May 7, 2019;Joko Widodo;Tempo;Korban
Claim by Beredar di Facebook:;PBNU mendoakan Presiden Jokowi kualat karena kecewa kadernya tidak dijadikan Menteri Agama;Keliru;[Fakta atau Hoaks] Benarkah PBNU Doakan Jokowi Kualat karena Kadernya Tidak Jadi Menteri Agama?;Oct 31, 2019;Nahdlatul Ulama;Joko Widodo;Menteri
Claim by @prabowopresidenkusandiagaunowapresku:;Benarkah Presiden Jokowi Melarang Sweeping Atribut PKI?;Keliru;[Fakta atau Hoax] Benarkah Presiden Jokowi Melarang Sweeping Atribut PKI?;Nov 27, 2018;Joko Widodo;Partai Komunis Indonesia;Cek Fakta Tempo - TEMPO.co
Claim by Akun-akun Facebook:;Presiden Jokowi memberikan penghargaan kepada budayawan Betawi Ridwan Saidi meski kerap mengkritiknya;Keliru;[Fakta atau Hoaks] Benarkah Jokowi Beri Penghargaan ke Ridwan Saidi Meski Kerap Mengkritiknya?;Sep 11, 2020;Ridwan Saidi;Joko Widodo;Budayawan
Claim by Beredar di media sosial Facebook:;Presiden Direktur Freeport memberikan jatah saham sebesar 11 persen untuk Presiden Joko Widodo dan 9 persen untuk Wakil Presiden Jusuf Kalla;Keliru;[Fakta atau Hoaks] Benarkah Freeport Memberikan Jatah Saham kepada Presiden Jokowi dan Wakil Presiden Jusuf Kalla?;Sep 17, 2019;Freeport Indonesia;PT Freeport;Jusuf Kalla
Claim by Beredar di media sosial Facebook:;Berita tentang kenaikan iuran BPJS Kesehatan yang diberi narasi bahwa begitulah cara rezim pemerintahan Presiden Jokowi memperlakukan rakyatnya.;Keliru;[Fakta atau Hoaks] Benarkah Pemerintahan Jokowi Akan Menaikkan Iuran BPJS Kesehatan?;Aug 27, 2019;BPJS Kesehatan;Joko Widodo;Kesehatan
Claim by Akun Facebook:;Hotman Paris ingatkan keluarga Cendana dan keluarga Cikeas untuk berhati-hati terhadap kemarahan Jokowi;Keliru;[Fakta atau Hoaks] Benarkah Hotman Paris Ingatkan Keluarga Cendana dan Cikeas Hati-Hati Jika Jokowi Marah?;Oct 1, 2020;Hotman Paris Hutapea;Joko Widodo;Kemarahan
Claim by Narasi dan klaim beredar di media sosial:;Audrey Yu adalah anak perempuan WNI keturunan Tionghoa jenius yang bertemu Jokowi di KTT G20 di Jepang dan ditawari bekerja untuk BPPT;Keliru;[Fakta atau Hoaks] Benarkah Audrey Yu Bertemu Jokowi dan Ditawari Bekerja di BPPT?;Jul 9, 2019;Maria Audrey Lukito;BPPT;Joko Widodo
Claim by Numerous Facebook and YouTube accounts:;Server KPU Sudah Diatur Memenangkan Jokowi Sebesar 57%;Keliru;[Fakta atau Hoaks] Apa Benar Server KPU Sudah Diatur Memenangkan Jokowi Sebesar 57%?;Apr 4, 2019;KPU;Komisi Pemilihan Umum Republik Indonesia;Joko Widodo
Claim by Beredar di Facebook:;Presiden Jokowi melecehkan bendera Merah Putih karena berdiri di atas podium beralaskan kain berwarna merah-putih;Keliru;[Fakta atau Hoaks] Benarkah Presiden Jokowi Melecehkan Bendera Merah Putih?;Oct 10, 2019;Bendera Indonesia;Bendera;Joko Widodo
Claim by Beredar di media sosial:;Aparat keamanan menemukan mobil berisi bahan peledak saat pelantikan Jokowi dan Ma'ruf Amin sebagai Presiden dan Wakil Presiden RI;Keliru;[Fakta atau Hoaks] Benarkah Ditemukan Bahan Peledak saat Pelantikan Jokowi-Ma'ruf Amin?;Oct 21, 2019;Ma'ruf Amin;Joko Widodo;Bahan peledak
Claim by Beredar di media sosial Facebook:;Cina meminta dua pulau kepada Presiden Jokowi untuk membayar utang Indonesia;Keliru;[Fakta atau Hoaks] Benarkah Cina Meminta Dua Pulau kepada Presiden Jokowi untuk Membayar Utang Indonesia?;Sep 17, 2019;Joko Widodo;Utang;Tiongkok
Claim by Nasrudin Joha (akun fiktif):;Pencopotan Kepala Lembaga Pemasyarakatan Kelas II B Polewali Mandar Haryoto oleh Menteri Hukum dan HAM Yasonna Laoly karena rezim Jokowi benci Islam.;Keliru;[Fakta atau Hoaks] Benarkah Alasan Pencopotan Kalapas Polman karena Yasonna Laoly Membenci Islam?;Jul 1, 2019;Yasonna Laoly;Islam;Lembaga Pemasyarakatan
Claim by Kanal YouTube Humanity Of Ulama:;Mahkamah Agung telah menetapkan Joko Widodo sebagai tersangka dalam kasus kebakaran hutan dan lahan.;Keliru;[Fakta atau Hoaks] Benarkah MA Telah Menetapkan Jokowi sebagai Tersangka Kasus Kebakaran Hutan dan Lahan?;Jul 24, 2019;Kebakaran hutan;Joko Widodo;Kebakaran besar
Claim by Beredar di Facebook:;Presiden Jokowi mengakui adanya kecurangan dalam Pemilu 2019;Keliru;[Fakta atau Hoaks] Benarkah Presiden Jokowi Akui Adanya Kecurangan dalam Pemilu 2019?;Jan 20, 2020;Joko Widodo;Pemilihan umum Indonesia 2019;Pemilihan
Claim by Situs-situs dan akun media sosial:;Putra Presiden Jokowi, Gibran Rakabuming Raka, akan membebaskan Palestina dari Israel;Keliru;[Fakta atau Hoaks] Benarkah Gibran Akan Bebaskan Palestina dari Israel?;Sep 11, 2020;Gibran Rakabuming Raka;Israel;Joko Widodo
Claim by Blog Operainf:;Wakil Presiden Ma'ruf Amin kaget duit PT Asuransi Jiwasraya masuk ke dana kampanyenya dengan Presiden Jokowi;Keliru;[Fakta atau Hoaks] Benarkah Ma'ruf Amin Kaget Duit Jiwasraya Masuk ke Dana Kampanyenya dengan Jokowi?;Jan 14, 2020;Ma'ruf Amin;Jiwasraya;Joko Widodo
Claim by Gambar tangkapan layar beredar di Facebook:;"Tangkapan layar situs Tempo dengan berita berjudul ""Jokowi: Korban Meninggal itu Sudah Takdir Jangan di Perpanjang Lagi""";Keliru;[Fakta atau Hoaks] Benarkah Tempo Memuat Pernyataan Jokowi Bahwa Korban Meninggal Adalah Takdir?;May 7, 2019;Joko Widodo;Tempo;Korban
Claim by Beredar di Facebook:;PBNU mendoakan Presiden Jokowi kualat karena kecewa kadernya tidak dijadikan Menteri Agama;Keliru;[Fakta atau Hoaks] Benarkah PBNU Doakan Jokowi Kualat karena Kadernya Tidak Jadi Menteri Agama?;Oct 31, 2019;Nahdlatul Ulama;Joko Widodo;Menteri
Claim by Beredar di media sosial Facebook:;Presiden Direktur Freeport memberikan jatah saham sebesar 11 persen untuk Presiden Joko Widodo dan 9 persen untuk Wakil Presiden Jusuf Kalla;Salah;[Fakta atau Hoaks] Benarkah Freeport Memberikan Jatah Saham kepada Presiden Jokowi dan Wakil Presiden Jusuf Kalla?;Sep 17, 2019;Freeport Indonesia;PT Freeport;Jusuf Kalla
Claim by Beredar di media sosial Facebook:;Berita tentang kenaikan iuran BPJS Kesehatan yang diberi narasi bahwa begitulah cara rezim pemerintahan Presiden Jokowi memperlakukan rakyatnya.;Salah;[Fakta atau Hoaks] Benarkah Pemerintahan Jokowi Akan Menaikkan Iuran BPJS Kesehatan?;Aug 27, 2019;BPJS Kesehatan;Joko Widodo;Kesehatan
Claim by Akun Facebook:;Hotman Paris ingatkan keluarga Cendana dan keluarga Cikeas untuk berhati-hati terhadap kemarahan Jokowi;Salah;[Fakta atau Hoaks] Benarkah Hotman Paris Ingatkan Keluarga Cendana dan Cikeas Hati-Hati Jika Jokowi Marah?;Oct 1, 2020;Hotman Paris Hutapea;Joko Widodo;Kemarahan
Claim by Narasi dan klaim beredar di media sosial:;Audrey Yu adalah anak perempuan WNI keturunan Tionghoa jenius yang bertemu Jokowi di KTT G20 di Jepang dan ditawari bekerja untuk BPPT;Salah;[Fakta atau Hoaks] Benarkah Audrey Yu Bertemu Jokowi dan Ditawari Bekerja di BPPT?;Jul 9, 2019;Maria Audrey Lukito;BPPT;Joko Widodo
Claim by Numerous Facebook and YouTube accounts:;Server KPU Sudah Diatur Memenangkan Jokowi Sebesar 57%;Salah;[Fakta atau Hoaks] Apa Benar Server KPU Sudah Diatur Memenangkan Jokowi Sebesar 57%?;Apr 4, 2019;KPU;Komisi Pemilihan Umum Republik Indonesia;Joko Widodo
Claim by Beredar di Facebook:;Presiden Jokowi melecehkan bendera Merah Putih karena berdiri di atas podium beralaskan kain berwarna merah-putih;Salah;[Fakta atau Hoaks] Benarkah Presiden Jokowi Melecehkan Bendera Merah Putih?;Oct 10, 2019;Bendera Indonesia;Bendera;Joko Widodo
Claim by Beredar di media sosial:;Aparat keamanan menemukan mobil berisi bahan peledak saat pelantikan Jokowi dan Ma'ruf Amin sebagai Presiden dan Wakil Presiden RI;Salah;[Fakta atau Hoaks] Benarkah Ditemukan Bahan Peledak saat Pelantikan Jokowi-Ma'ruf Amin?;Oct 21, 2019;Ma'ruf Amin;Joko Widodo;Bahan peledak
Claim by Beredar di media sosial Facebook:;Cina meminta dua pulau kepada Presiden Jokowi untuk membayar utang Indonesia;Salah;[Fakta atau Hoaks] Benarkah Cina Meminta Dua Pulau kepada Presiden Jokowi untuk Membayar Utang Indonesia?;Sep 17, 2019;Joko Widodo;Utang;Tiongkok
Claim by Nasrudin Joha (akun fiktif):;Pencopotan Kepala Lembaga Pemasyarakatan Kelas II B Polewali Mandar Haryoto oleh Menteri Hukum dan HAM Yasonna Laoly karena rezim Jokowi benci Islam.;Salah;[Fakta atau Hoaks] Benarkah Alasan Pencopotan Kalapas Polman karena Yasonna Laoly Membenci Islam?;Jul 1, 2019;Yasonna Laoly;Islam;Lembaga Pemasyarakatan
Claim by Kanal YouTube Humanity Of Ulama:;Mahkamah Agung telah menetapkan Joko Widodo sebagai tersangka dalam kasus kebakaran hutan dan lahan.;Salah;[Fakta atau Hoaks] Benarkah MA Telah Menetapkan Jokowi sebagai Tersangka Kasus Kebakaran Hutan dan Lahan?;Jul 24, 2019;Kebakaran hutan;Joko Widodo;Kebakaran besar
Claim by Akun Facebook:;Hasil quick count Pilpres 2019 diubah dengan kemenangan pasangan Jokowi-Ma’ruf;Salah;[Fakta atau Hoaks] Benarkah Hasil Quick Count Pilpres 2019 Diubah dengan Kemenangan Pasangan Jokowi-Ma'ruf?;Jul 15, 2020;Pemilihan presiden;Hitung cepat;Joko Widodo
Claim by Viral di media sosial:;Mantan Presiden BJ Habibie berkata bahwa lawan berat Prabowo itu bukan Jokowi tapi kecurangan.;Salah;[Fakta atau Hoaks] Benarkah BJ Habibie Menyatakan Lawan Berat Prabowo adalah Kecurangan?;Apr 18, 2019;B. J. Habibie;Prabowo Subianto;Joko Widodo
Claim by Video beredar di WhatsApp:;"Video Joko Widodo ke Grand Indonesia, pengunjung berteriak ""tukang bohong"".";Salah;[Fakta atau Hoaks] Benarkah Pengunjung Mall Grand Indonesia Teriaki Jokowi Tukang Bohong?;Apr 21, 2019;Joko Widodo;Kebohongan;Grand Indonesia
Claim by Blog Operainf:;Presiden Jokowi menyebut Cina bukan mencuri tapi hanya mengejar ikan yang lari ke perairan Natuna;Salah;[Fakta atau Hoaks] Benarkah Jokowi Sebut Cina Bukan Mencuri Tapi Hanya Mengejar Ikan yang Lari ke Natuna?;Jan 13, 2020;Ikan;Pencurian;Joko Widodo
Claim by Beredar di Facebook:;Pelantikan Jokowi-Ma'ruf Amin disambut meletusnya Gunung Kawi;Salah;[Fakta atau Hoaks] Benarkah Saat Jokowi-Ma'ruf Amin Dilantik Gunung Kawi Meletus?;Oct 24, 2019;Gunung Kawi;Gunung;Ma'ruf Amin
Claim by Akun Facebook:;Tidak ada lagi warga yang meminta bersalaman dan selfie dengan Presiden Jokowi saat berkunjung ke Yogyakarta karena muak dan jijik;Salah;[Fakta atau Hoaks] Benarkah Tak Ada Lagi Warga yang Minta Salaman dan Selfie ke Jokowi Karena Muak dan Jijik?;Sep 1, 2020;Joko Widodo;Swafoto;Kejijikan
Claim by Berbagai sumber:;Presiden Jokowi makan tikus bakar;Salah;Jokowi ditawari tikus bakar saat kampanye Pilpres 2014 -- tetapi ia menolaknya;Feb 3, 2020;Joko Widodo;Tikus;Periksa Fakta
Claim by Beredar di Facebook:;Kakek dan ayah Presiden Jokowi pernah menjadi Ketua PKI Boyolali;Salah;[Fakta atau Hoaks] Benarkah Ayah dan Kakek Jokowi Pernah Menjadi Ketua PKI Boyolali?;Nov 14, 2019;Joko Widodo;Partai Komunis Indonesia;Ayah
Claim by Beredar di Facebook:;Presiden Rusia Vladimir Putin memainkan lagu Indonesia Raya dengan piano untuk Presiden Jokowi;Salah;[Fakta atau Hoaks] Benarkah Presiden Rusia Memainkan Lagu Indonesia Raya untuk Jokowi?;Oct 22, 2019;Joko Widodo;Presiden Rusia;Vladimir Putin
Claim by Beberapa sumber:;Jokowi di rumah penduduk di Riau dekat hutan yang terbakar;Salah;Foto ini telah disunting, menggunakan foto Jokowi yang diambil tahun 2016;Sep 23, 2019;Joko Widodo;Periksa Fakta;
Claim by Berbagai sumber:;Video orang Amerika pendukung Presiden Jokowi;Salah;Video ini menunjukkan demonstran anti rasisme di Amerika Serikat di bulan Juni 2020;Jun 24, 2020;Orang Amerika;Video;Periksa Fakta
Claim by Akun Facebook:;Novel Baswedan salahkan Presiden Jokowi terkait putusan pengadilan atas kasus penyiraman air keras terhadapnya dan menyuruhnya banding;Salah;[Fakta atau Hoaks] Benarkah Narasi yang Sebut Novel Baswedan Salahkan Jokowi dan Menyuruhnya Banding?;Jun 17, 2020;Novel Baswedan;Joko Widodo;Banding
;Jalan tol ini berada di Indonesia dan dibangun di masa pemerintahan Jokowi;Salah;Tidak, jalan tol di foto ini tidak berada di Indonesia dan tidak dibangun pada masa pemerintahan Presiden Jokowi;Apr 2, 2019;Jalan tol;Jalan;Joko Widodo
Claim by Beredar di YouTube dan Facebook:;Presiden Jokowi ancam copot Prabowo Subianto sebagai Menteri Pertahanan karena kalah pamor;Salah;[Fakta atau Hoaks] Benarkah Presiden Jokowi Ancam Copot Prabowo karena Kalah Pamor?;Dec 2, 2019;Prabowo Subianto;Joko Widodo;Menteri
Claim by multiple sources:;Susilo Bambang Yudhoyono mendukung Presiden Indonesia Jokowi;Salah;Tidak, video ini tidak menunjukkan dukungan SBY kepada Jokowi;Feb 24, 2019;Susilo Bambang Yudhoyono;Joko Widodo;Presiden Indonesia
Claim by Akun YouTube Erdogan Indonesia:;“TV Al-Jazeera menyiarkan kecurangan Pemilu di Indonesia, bikin geger Dunia. Pemilu curang telah dipertontonkan oleh Rezim Jokowi yang merusak citra Indonesia dimata dunia, demokrasi sudah mati di Indonesia. Itu Wiranto kalau berani suruh tutup TV tersebut, Sudah tersiar ke selu...;Salah;[Fakta atau Hoaks] Benarkah TV Al-Jazeera Telah Menyiarkan Kecurangan Pemilu di Indonesia?;May 15, 2019;Pemilihan;Televisi;Cek Fakta Tempo - TEMPO.co
Claim by Akun Facebook:;Hasil quick count Pilpres 2019 diubah dengan kemenangan pasangan Jokowi-Ma’ruf;Salah;[Fakta atau Hoaks] Benarkah Hasil Quick Count Pilpres 2019 Diubah dengan Kemenangan Pasangan Jokowi-Ma'ruf?;Jul 15, 2020;Pemilihan presiden;Hitung cepat;Joko Widodo
Claim by Viral di media sosial:;Mantan Presiden BJ Habibie berkata bahwa lawan berat Prabowo itu bukan Jokowi tapi kecurangan.;Salah;[Fakta atau Hoaks] Benarkah BJ Habibie Menyatakan Lawan Berat Prabowo adalah Kecurangan?;Apr 18, 2019;B. J. Habibie;Prabowo Subianto;Joko Widodo
Claim by Video beredar di WhatsApp:;"Video Joko Widodo ke Grand Indonesia, pengunjung berteriak ""tukang bohong"".";Sebagian Benar;[Fakta atau Hoaks] Benarkah Pengunjung Mall Grand Indonesia Teriaki Jokowi Tukang Bohong?;Apr 21, 2019;Joko Widodo;Kebohongan;Grand Indonesia
Claim by Blog Operainf:;Presiden Jokowi menyebut Cina bukan mencuri tapi hanya mengejar ikan yang lari ke perairan Natuna;Sebagian Benar;[Fakta atau Hoaks] Benarkah Jokowi Sebut Cina Bukan Mencuri Tapi Hanya Mengejar Ikan yang Lari ke Natuna?;Jan 13, 2020;Ikan;Pencurian;Joko Widodo
Claim by Beredar di Facebook:;Pelantikan Jokowi-Ma'ruf Amin disambut meletusnya Gunung Kawi;Sebagian Benar;[Fakta atau Hoaks] Benarkah Saat Jokowi-Ma'ruf Amin Dilantik Gunung Kawi Meletus?;Oct 24, 2019;Gunung Kawi;Gunung;Ma'ruf Amin
Claim by Akun Facebook:;Tidak ada lagi warga yang meminta bersalaman dan selfie dengan Presiden Jokowi saat berkunjung ke Yogyakarta karena muak dan jijik;Sesat;[Fakta atau Hoaks] Benarkah Tak Ada Lagi Warga yang Minta Salaman dan Selfie ke Jokowi Karena Muak dan Jijik?;Sep 1, 2020;Joko Widodo;Swafoto;Kejijikan
Claim by Berbagai sumber:;Presiden Jokowi makan tikus bakar;Sesat;Jokowi ditawari tikus bakar saat kampanye Pilpres 2014 -- tetapi ia menolaknya;Feb 3, 2020;Joko Widodo;Tikus;Periksa Fakta
Claim by Beredar di Facebook:;Kakek dan ayah Presiden Jokowi pernah menjadi Ketua PKI Boyolali;Sesat;[Fakta atau Hoaks] Benarkah Ayah dan Kakek Jokowi Pernah Menjadi Ketua PKI Boyolali?;Nov 14, 2019;Joko Widodo;Partai Komunis Indonesia;Ayah
Claim by Beredar di Facebook:;Presiden Rusia Vladimir Putin memainkan lagu Indonesia Raya dengan piano untuk Presiden Jokowi;Sesat;[Fakta atau Hoaks] Benarkah Presiden Rusia Memainkan Lagu Indonesia Raya untuk Jokowi?;Oct 22, 2019;Joko Widodo;Presiden Rusia;Vladimir Putin
Claim by Beberapa sumber:;Jokowi di rumah penduduk di Riau dekat hutan yang terbakar;Sesat;Foto ini telah disunting, menggunakan foto Jokowi yang diambil tahun 2016;Sep 23, 2019;Joko Widodo;Periksa Fakta;
Claim by Berbagai sumber:;Video orang Amerika pendukung Presiden Jokowi;Sesat;Video ini menunjukkan demonstran anti rasisme di Amerika Serikat di bulan Juni 2020;Jun 24, 2020;Orang Amerika;Video;Periksa Fakta
Claim by Akun Facebook:;Novel Baswedan salahkan Presiden Jokowi terkait putusan pengadilan atas kasus penyiraman air keras terhadapnya dan menyuruhnya banding;Sesat;[Fakta atau Hoaks] Benarkah Narasi yang Sebut Novel Baswedan Salahkan Jokowi dan Menyuruhnya Banding?;Jun 17, 2020;Novel Baswedan;Joko Widodo;Banding
;Jalan tol ini berada di Indonesia dan dibangun di masa pemerintahan Jokowi;Sesat;Tidak, jalan tol di foto ini tidak berada di Indonesia dan tidak dibangun pada masa pemerintahan Presiden Jokowi;Apr 2, 2019;Jalan tol;Jalan;Joko Widodo
Claim by Beredar di YouTube dan Facebook:;Presiden Jokowi ancam copot Prabowo Subianto sebagai Menteri Pertahanan karena kalah pamor;Sesat;[Fakta atau Hoaks] Benarkah Presiden Jokowi Ancam Copot Prabowo karena Kalah Pamor?;Dec 2, 2019;Prabowo Subianto;Joko Widodo;Menteri
Claim by multiple sources:;Susilo Bambang Yudhoyono mendukung Presiden Indonesia Jokowi;Sesat;Tidak, video ini tidak menunjukkan dukungan SBY kepada Jokowi;Feb 24, 2019;Susilo Bambang Yudhoyono;Joko Widodo;Presiden Indonesia
Claim by Akun YouTube Erdogan Indonesia:;“TV Al-Jazeera menyiarkan kecurangan Pemilu di Indonesia, bikin geger Dunia. Pemilu curang telah dipertontonkan oleh Rezim Jokowi yang merusak citra Indonesia dimata dunia, demokrasi sudah mati di Indonesia. Itu Wiranto kalau berani suruh tutup TV tersebut, Sudah tersiar ke selu...;Sesat;[Fakta atau Hoaks] Benarkah TV Al-Jazeera Telah Menyiarkan Kecurangan Pemilu di Indonesia?;May 15, 2019;Pemilihan;Televisi;Cek Fakta Tempo - TEMPO.co
Claim by Narasi beredar di media sosial.:;Di bawah pemerintahan Joko Widodo, tiket kereta Jakara-Surabaya saat mudik harganya mencapai Rp1.500.000.;Sesat;[Fakta atau Hoaks] Benarkah Harga Tiket Kereta Surabaya-Jakarta Mencapai Rp 1,5 Juta yang Membuat Rakyat Semakin Sengsara?;May 31, 2019;Tiket kereta api;Kereta api;Tiket
Claim by Potongan video tersebar di Facebook:;Presiden Joko Widodo meminta masyarakat Indonesia menggunakan mata uang Yuan China untuk bertransaksi;Sesat;[Fakta atau Hoaks] Benarkah Jokowi Meminta Masyarakat Pakai Mata Uang Yuan Tiongkok?;Jun 14, 2019;Yuan Tiongkok;Mata Uang;Uang
Claim by multiple sources:;Anak Presiden Indonesia Jokowi memakai kaos dengan gambar simbol komunis;Sesat;Tidak, foto ini tidak menunjukkan anak presiden Indonesia memakai kaos dengan gambar simbol komunis;Mar 4, 2019;Presiden Indonesia;Joko Widodo;Simbol
Claim by Akun Facebook:;Presiden Jokowi berkata penusukan Syekh Ali Jaber tak perlu dibesar-besarkan;Sesat;[Fakta atau Hoaks] Benarkah Jokowi Berkata Penusukan Syekh Ali Jaber Tak Perlu Dibesar-besarkan?;Sep 21, 2020;Ali Jaber;Penusukan;Joko Widodo
Claim by Beredar di Facebook:;Wakil Presiden Ma'ruf Amin menyebut bahwa yang tidak mengakui Presiden Jokowi sebagai pemimpin akan masuk neraka;Sesat;[Fakta atau Hoaks] Benarkah Ma'ruf Amin Sebut yang Tak Akui Jokowi Pemimpin Bakal Masuk Neraka?;Feb 25, 2020;Ma'ruf Amin;Joko Widodo;Wakil presiden
Claim by Akun Facebook:;Presiden Jokowi berharap rakyat menerima TKA Cina sebagai saudara yang mencari nafkah di sini;Sesat;[Fakta atau Hoaks] Benarkah Jokowi Berharap Rakyat Terima TKA Cina sebagai Saudara yang Mencari Nafkah?;Sep 4, 2020;Joko Widodo;Nafkah;Cek Fakta Tempo - TEMPO.co
Claim by Beredar di Facebook:;Presiden Jokowi memakai kaos kuning yang bertuliskan Aica Aibon;Sesat;[Fakta atau Hoaks] Benarkah Presiden Jokowi Pakai Kaos Bertuliskan Aica Aibon?;Nov 12, 2019;Joko Widodo;Cek Fakta Tempo - TEMPO.co;
Claim by Akun Facebook Suhermanto Yasduri:;Foto yang diklaim sebagai foto Presiden Jokowi yang salah posisi bersedekap saat salat;Sesat;[Fakta atau Hoaks] Benarkah Ini Foto Presiden Jokowi yang Salah Posisi Bersedekap Saat Salat?;Jun 12, 2020;Joko Widodo;Salat;Cek Fakta Tempo - TEMPO.co
;Keluarga Besar Universitas Indonesia tidak mengakui Jokowi dan Ma'ruf Amin sebagai Presiden dan Wakil Presiden Indonesia Periode 2019-2024;Sesat;[Fakta atau Hoaks] Benarkah Keluarga Besar Universitas Indonesia Tak Akui Jokowi dan Ma'ruf Amin sebagai Presiden dan Wapres?;Oct 17, 2019;Ma'ruf Amin;Joko Widodo;Wakil Presiden Republik Indonesia
Claim by Akun Facebook:;Foto yang diklaim sebagai foto ayah Presiden Jokowi dan merupakan komandan underbow PKI;Sesat;[Fakta atau Hoaks] Benarkah Pria di Foto Ini Ayah Jokowi dan Komandan Underbow PKI?;Aug 5, 2020;Joko Widodo;Partai Komunis Indonesia;Ayah
Claim by Sejumlah situs dan akun-akun Facebook:;MPR mengusulkan agar Presiden Jokowi memimpin Indonesia hingga 2027;Sesat;[Fakta atau Hoaks] Benarkah MPR Usul Presiden Jokowi Pimpin Indonesia Hingga 2027?;Jun 26, 2020;Joko Widodo;Presiden Indonesia;Majelis Permusyawaratan Rakyat Republik Indonesia
Claim by Akun-akun Facebook:;PSBB Jakarta Jilid II adalah bagian dari skenario untuk mendesak Presiden Jokowi mundur;Sesat;[Fakta atau Hoaks] Benarkah PSBB Jakarta Jilid II Bagian dari Skenario Desak Jokowi Mundur?;Sep 14, 2020;Pembatasan Sosial Berskala Besar;Joko Widodo;Jakarta
Claim by Akun-akun Facebook:;Peneliti Australia menyebut Jokowi sebagai presiden tak berkemampuan tapi memiliki daya rusak;Sesat;[Fakta atau Hoaks] Benarkah Jokowi Disebut Tak Berkemampuan Tapi Punya Daya Rusak oleh Peneliti Australia?;Sep 9, 2020;Joko Widodo;Peneliti;Cek Fakta Tempo - TEMPO.co
Claim by Akun Twitter @do_ra_dong:;Adanya pengkondisian oleh KPU dan beberapa lembaga survei untuk memenangkan Joko Widodo-Ma'ruf Amin dengan angka sebesar 57%;Sesat;[Fakta atau Hoaks] Benarkah Hasil Sigi Lembaga Survei untuk Jokowi Hasil Pengkondisian?;Apr 5, 2019;Joko Widodo;Metodologi survei;Ma'ruf Amin
Claim by Beredar di media sosial:;Pidato Presiden Jokowi di G20 Summit hanya 1 menit;Sesat;[Fakta atau Hoaks] Benarkah TV Jepang Menertawakan Jokowi yang Hanya Berpidato 1 Menit di KTT G20?;Jul 3, 2019;Joko Widodo;G20;Konferensi tingkat tinggi
Claim by Akun blogspot Tribun Pos:;“Mendagri: Kades Hingga Gubernur Tidak Boleh Netral, Harus Turuti Kemauan Pak Jokowi”;Sesat;[Fakta atau Hoaks] Benarkah Mendagri Melarang Kades dan Lurah Bersikap Netral?;Mar 28, 2019;Kepala desa;Kementerian Dalam Negeri;Cek Fakta Tempo - TEMPO.co
Claim by Grup-grup WhatsApp:;Presiden Jokowi telah berhasil pulangkan uang negara hingga Rp 11 ribu triliun yang disimpan koruptor di Swiss;Sesat;[Fakta atau Hoaks] Benarkah Presiden Jokowi Telah Berhasil Pulangkan Uang 11 Ribu T dari Swiss?;Jul 8, 2020;Joko Widodo;Uang;Swiss
Claim by Beredar di YouTube:;Presiden Jokowi mundur dari jabatannya;Sesat;[Fakta atau Hoaks] Benarkah Presiden Jokowi Mundur dari Jabatannya?;Sep 10, 2019;Joko Widodo;Cek Fakta Tempo - TEMPO.co;
Claim by Narasi beredar di media sosial.:;Di bawah pemerintahan Joko Widodo, tiket kereta Jakara-Surabaya saat mudik harganya mencapai Rp1.500.000.;Sesat;[Fakta atau Hoaks] Benarkah Harga Tiket Kereta Surabaya-Jakarta Mencapai Rp 1,5 Juta yang Membuat Rakyat Semakin Sengsara?;May 31, 2019;Tiket kereta api;Kereta api;Tiket
Claim by Potongan video tersebar di Facebook:;Presiden Joko Widodo meminta masyarakat Indonesia menggunakan mata uang Yuan China untuk bertransaksi;Sesat;[Fakta atau Hoaks] Benarkah Jokowi Meminta Masyarakat Pakai Mata Uang Yuan Tiongkok?;Jun 14, 2019;Yuan Tiongkok;Mata Uang;Uang
Claim by multiple sources:;Anak Presiden Indonesia Jokowi memakai kaos dengan gambar simbol komunis;Sesat;Tidak, foto ini tidak menunjukkan anak presiden Indonesia memakai kaos dengan gambar simbol komunis;Mar 4, 2019;Presiden Indonesia;Joko Widodo;Simbol
Claim by Akun Facebook:;Presiden Jokowi berkata penusukan Syekh Ali Jaber tak perlu dibesar-besarkan;Sesat;[Fakta atau Hoaks] Benarkah Jokowi Berkata Penusukan Syekh Ali Jaber Tak Perlu Dibesar-besarkan?;Sep 21, 2020;Ali Jaber;Penusukan;Joko Widodo
Claim by Beredar di Facebook:;Wakil Presiden Ma'ruf Amin menyebut bahwa yang tidak mengakui Presiden Jokowi sebagai pemimpin akan masuk neraka;Sesat;[Fakta atau Hoaks] Benarkah Ma'ruf Amin Sebut yang Tak Akui Jokowi Pemimpin Bakal Masuk Neraka?;Feb 25, 2020;Ma'ruf Amin;Joko Widodo;Wakil presiden
Claim by Akun Facebook:;Presiden Jokowi berharap rakyat menerima TKA Cina sebagai saudara yang mencari nafkah di sini;Sesat;[Fakta atau Hoaks] Benarkah Jokowi Berharap Rakyat Terima TKA Cina sebagai Saudara yang Mencari Nafkah?;Sep 4, 2020;Joko Widodo;Nafkah;Cek Fakta Tempo - TEMPO.co
Claim by Beredar di Facebook:;Presiden Jokowi memakai kaos kuning yang bertuliskan Aica Aibon;Sesat;[Fakta atau Hoaks] Benarkah Presiden Jokowi Pakai Kaos Bertuliskan Aica Aibon?;Nov 12, 2019;Joko Widodo;Cek Fakta Tempo - TEMPO.co;
Claim by Akun Facebook Suhermanto Yasduri:;Foto yang diklaim sebagai foto Presiden Jokowi yang salah posisi bersedekap saat salat;Sesat;[Fakta atau Hoaks] Benarkah Ini Foto Presiden Jokowi yang Salah Posisi Bersedekap Saat Salat?;Jun 12, 2020;Joko Widodo;Salat;Cek Fakta Tempo - TEMPO.co
;Keluarga Besar Universitas Indonesia tidak mengakui Jokowi dan Ma'ruf Amin sebagai Presiden dan Wakil Presiden Indonesia Periode 2019-2024;Sesat;[Fakta atau Hoaks] Benarkah Keluarga Besar Universitas Indonesia Tak Akui Jokowi dan Ma'ruf Amin sebagai Presiden dan Wapres?;Oct 17, 2019;Ma'ruf Amin;Joko Widodo;Wakil Presiden Republik Indonesia
Claim by Akun Facebook:;Foto yang diklaim sebagai foto ayah Presiden Jokowi dan merupakan komandan underbow PKI;Sesat;[Fakta atau Hoaks] Benarkah Pria di Foto Ini Ayah Jokowi dan Komandan Underbow PKI?;Aug 5, 2020;Joko Widodo;Partai Komunis Indonesia;Ayah
Claim by Sejumlah situs dan akun-akun Facebook:;MPR mengusulkan agar Presiden Jokowi memimpin Indonesia hingga 2027;Sesat;[Fakta atau Hoaks] Benarkah MPR Usul Presiden Jokowi Pimpin Indonesia Hingga 2027?;Jun 26, 2020;Joko Widodo;Presiden Indonesia;Majelis Permusyawaratan Rakyat Republik Indonesia
Claim by Akun-akun Facebook:;PSBB Jakarta Jilid II adalah bagian dari skenario untuk mendesak Presiden Jokowi mundur;Sesat;[Fakta atau Hoaks] Benarkah PSBB Jakarta Jilid II Bagian dari Skenario Desak Jokowi Mundur?;Sep 14, 2020;Pembatasan Sosial Berskala Besar;Joko Widodo;Jakarta
Claim by Akun-akun Facebook:;Peneliti Australia menyebut Jokowi sebagai presiden tak berkemampuan tapi memiliki daya rusak;Sesat;[Fakta atau Hoaks] Benarkah Jokowi Disebut Tak Berkemampuan Tapi Punya Daya Rusak oleh Peneliti Australia?;Sep 9, 2020;Joko Widodo;Peneliti;Cek Fakta Tempo - TEMPO.co
Claim by Akun Twitter @do_ra_dong:;Adanya pengkondisian oleh KPU dan beberapa lembaga survei untuk memenangkan Joko Widodo-Ma'ruf Amin dengan angka sebesar 57%;Sesat;[Fakta atau Hoaks] Benarkah Hasil Sigi Lembaga Survei untuk Jokowi Hasil Pengkondisian?;Apr 5, 2019;Joko Widodo;Metodologi survei;Ma'ruf Amin
Claim by Beredar di media sosial:;Pidato Presiden Jokowi di G20 Summit hanya 1 menit;Sesat;[Fakta atau Hoaks] Benarkah TV Jepang Menertawakan Jokowi yang Hanya Berpidato 1 Menit di KTT G20?;Jul 3, 2019;Joko Widodo;G20;Konferensi tingkat tinggi
Claim by Akun blogspot Tribun Pos:;“Mendagri: Kades Hingga Gubernur Tidak Boleh Netral, Harus Turuti Kemauan Pak Jokowi”;Sesat;[Fakta atau Hoaks] Benarkah Mendagri Melarang Kades dan Lurah Bersikap Netral?;Mar 28, 2019;Kepala desa;Kementerian Dalam Negeri;Cek Fakta Tempo - TEMPO.co
Claim by Grup-grup WhatsApp:;Presiden Jokowi telah berhasil pulangkan uang negara hingga Rp 11 ribu triliun yang disimpan koruptor di Swiss;Tidak Terbukti;[Fakta atau Hoaks] Benarkah Presiden Jokowi Telah Berhasil Pulangkan Uang 11 Ribu T dari Swiss?;Jul 8, 2020;Joko Widodo;Uang;Swiss
Claim by Beredar di YouTube:;Presiden Jokowi mundur dari jabatannya;Tidak Terbukti;[Fakta atau Hoaks] Benarkah Presiden Jokowi Mundur dari Jabatannya?;Sep 10, 2019;Joko Widodo;Cek Fakta Tempo - TEMPO.co;
Claim by Situs Jayantara News:;Presiden Jokowi menyebut kepala daerah yang memainkan bantuan Covid-19 bakal dihukum seumur hidup;salah;[Fakta atau Hoaks] Benarkah Jokowi Sebut Kepala Daerah yang Mainkan Bantuan Covid-19 Bakal Dihukum Seumur Hidup?;May 4, 2020;Joko Widodo;Kepala daerah;COVID-19
Claim by Aljazera Online:;Info dari Turki: Erdogan tidak pernah akui kemenangan Jokowi;salah;[Fakta atau Hoaks] Benarkah Presiden Erdogan Tidak Mengakui Kemenangan Jokowi pada Pilpres 2019?;Apr 23, 2019;Recep Tayyip Erdoğan;Joko Widodo;Cek Fakta Tempo - TEMPO.co
Claim by Akun Facebook Bambang Tri:;KPU disuap untuk mengamankan kasus ijazah palsu Presiden Jokowi;salah;[Fakta atau Hoaks] Benarkah KPU Disuap untuk Amankan Kasus Ijazah Palsu Jokowi?;Jan 15, 2020;Joko Widodo;Ijazah;Komisi Pemilihan Umum Republik Indonesia
